configuration_id,experiment,blocks,classifier,C,k,risk_weighted_f1__mean,risk_weighted_f1__std,risk_macro_f1__mean,risk_macro_f1__std,accuracy__mean,accuracy__std
early_fusion_all__logistic_regression__C0.25__k128,early_fusion_all,post_embedding;zero_shot__macro__sentence;zero_shot__individual__sentence;meta_prompting__macro__sentence;meta_prompting__individual__sentence,logistic_regression,0.25,128,0.6158770944425941,0.02099223956859189,0.5338711440737793,0.03252729425476116,0.6071773187273215,0.02248622943384189
early_fusion_complementary__logistic_regression__C0.25__k128,early_fusion_complementary,post_embedding;zero_shot__individual__sentence;meta_prompting__macro__sentence,logistic_regression,0.25,128,0.6137913598531116,0.033959176761503486,0.5314575856347856,0.038437111354433014,0.6042282319857724,0.033233656681627206
early_fusion_complementary__linear_svm__C0.25__k128,early_fusion_complementary,post_embedding;zero_shot__individual__sentence;meta_prompting__macro__sentence,linear_svm,0.25,128,0.613086007259737,0.03517045819090803,0.5253045886026685,0.0465907143216568,0.6093466469541765,0.03606711204204404
early_fusion_complementary__linear_svm__C1__k128,early_fusion_complementary,post_embedding;zero_shot__individual__sentence;meta_prompting__macro__sentence,linear_svm,1.0,128,0.6100576733207735,0.034432177629816145,0.5211669542084933,0.045053294928646195,0.6055943092186259,0.03496866655385651
early_fusion_complementary__logistic_regression__C1__k128,early_fusion_complementary,post_embedding;zero_shot__individual__sentence;meta_prompting__macro__sentence,logistic_regression,1.0,128,0.6093483068371628,0.032292313185094734,0.5271931323919132,0.039150572755962496,0.5997086462418706,0.032323986577265006
early_fusion_all__logistic_regression__C1__k128,early_fusion_all,post_embedding;zero_shot__macro__sentence;zero_shot__individual__sentence;meta_prompting__macro__sentence;meta_prompting__individual__sentence,logistic_regression,1.0,128,0.608194879290593,0.020346981867460093,0.5266320036048563,0.03144423318889712,0.5997005110031427,0.021676018609537676
post_mpnet__linear_svm__C0.25__k128,post_mpnet,post_embedding,linear_svm,0.25,128,0.6080038883578305,0.02071592983699123,0.5239852522235603,0.04182027813384068,0.6050736981212975,0.021366735477787675
early_fusion_all__linear_svm__C0.25__k128,early_fusion_all,post_embedding;zero_shot__macro__sentence;zero_shot__individual__sentence;meta_prompting__macro__sentence;meta_prompting__individual__sentence,linear_svm,0.25,128,0.6067434295395149,0.025402553811957166,0.5162132552079697,0.040395383172406374,0.6049973114141746,0.026882217206122692
post_mpnet__linear_svm__C1__k128,post_mpnet,post_embedding,linear_svm,1.0,128,0.605447227742238,0.019873675666010206,0.5206076965897771,0.04107513375418271,0.6016073750781202,0.021035003691396117
early_fusion_complementary__linear_svm__C0.25__k64,early_fusion_complementary,post_embedding;zero_shot__individual__sentence;meta_prompting__macro__sentence,linear_svm,0.25,64,0.6037831983787068,0.0323527110904087,0.5167011447620887,0.03204396668181296,0.6018215139319889,0.03141695827409291
early_fusion_complementary__linear_svm__C1__k64,early_fusion_complementary,post_embedding;zero_shot__individual__sentence;meta_prompting__macro__sentence,linear_svm,1.0,64,0.6036365634029951,0.03410398007503502,0.5168147176362867,0.031575321369225536,0.601562677719711,0.03264559495096727
post_mpnet__logistic_regression__C0.25__k128,post_mpnet,post_embedding,logistic_regression,0.25,128,0.6027398142526906,0.022520402612456976,0.5231483323290665,0.03719367269786388,0.594886169363727,0.022183207468162047
early_fusion_all__linear_svm__C0.25__k64,early_fusion_all,post_embedding;zero_shot__macro__sentence;zero_shot__individual__sentence;meta_prompting__macro__sentence;meta_prompting__individual__sentence,linear_svm,0.25,64,0.6026503382097455,0.030997390699604856,0.5154883361904854,0.032120196343203664,0.6013313131139882,0.027750473526916914
early_fusion_all__logistic_regression__C0.25__k64,early_fusion_all,post_embedding;zero_shot__macro__sentence;zero_shot__individual__sentence;meta_prompting__macro__sentence;meta_prompting__individual__sentence,logistic_regression,0.25,64,0.6021872498341021,0.03446938212848192,0.5156245774566455,0.04119177856796107,0.5903264620315218,0.03321963507520651
early_fusion_all__linear_svm__C1__k128,early_fusion_all,post_embedding;zero_shot__macro__sentence;zero_shot__individual__sentence;meta_prompting__macro__sentence;meta_prompting__individual__sentence,linear_svm,1.0,128,0.6001825121511017,0.025588162794315288,0.5093471032280198,0.03996759013499059,0.5973203944287551,0.026365772381879024
early_fusion_complementary__logistic_regression__C0.25__k64,early_fusion_complementary,post_embedding;zero_shot__individual__sentence;meta_prompting__macro__sentence,logistic_regression,0.25,64,0.597099541577091,0.02425346431479098,0.510919231471781,0.023641019609126894,0.5838962188808087,0.023114113730617742
post_mpnet__linear_svm__C1__k64,post_mpnet,post_embedding,linear_svm,1.0,64,0.5963483973032823,0.025269593273344167,0.517167629111643,0.03677620201402928,0.5941781035507655,0.02418961898977569
post_mpnet__linear_svm__C0.25__k64,post_mpnet,post_embedding,linear_svm,0.25,64,0.5963308643258786,0.025882357258352993,0.5170657959833286,0.037430500153683294,0.5942357652733995,0.024755446844733506
post_mpnet__logistic_regression__C1__k128,post_mpnet,post_embedding,logistic_regression,1.0,128,0.5958729924987108,0.023587757322843777,0.5152403964700103,0.042032493812949406,0.5869717437965866,0.02376449729278923
early_fusion_complementary__logistic_regression__C1__k64,early_fusion_complementary,post_embedding;zero_shot__individual__sentence;meta_prompting__macro__sentence,logistic_regression,1.0,64,0.5952783621483557,0.028228226603966226,0.5069051286665902,0.029368473122811906,0.5818125108725262,0.027850608563609762
early_fusion_all__linear_svm__C1__k64,early_fusion_all,post_embedding;zero_shot__macro__sentence;zero_shot__individual__sentence;meta_prompting__macro__sentence;meta_prompting__individual__sentence,linear_svm,1.0,64,0.5948080356559958,0.033939618750164345,0.506871702625723,0.033147950873919564,0.5927766373597635,0.030225665537699068
early_fusion_all__logistic_regression__C1__k64,early_fusion_all,post_embedding;zero_shot__macro__sentence;zero_shot__individual__sentence;meta_prompting__macro__sentence;meta_prompting__individual__sentence,logistic_regression,1.0,64,0.5943258885026973,0.03526596247942402,0.5111635540668561,0.03561086483229067,0.5834639336580046,0.03324533575343321
post_mpnet__logistic_regression__C0.25__k64,post_mpnet,post_embedding,logistic_regression,0.25,64,0.5934145653173142,0.021103477145327128,0.5153005383578179,0.036289301890736286,0.5820348983959123,0.021642836780114024
post_mpnet__logistic_regression__C1__k64,post_mpnet,post_embedding,logistic_regression,1.0,64,0.5891023319161952,0.020625145166003382,0.5108767857808855,0.035329511208947985,0.5776267444153967,0.02108612221519941
anchors_all__logistic_regression__C0.25__kall,anchors_all,zero_shot__macro__sentence;zero_shot__individual__sentence;meta_prompting__macro__sentence;meta_prompting__individual__sentence,logistic_regression,0.25,all,0.5888218545980125,0.03461210693714789,0.5025151373287635,0.03873313431440344,0.5772587172463463,0.036970533328774
post_mpnet__logistic_regression__C0.25__kall,post_mpnet,post_embedding,logistic_regression,0.25,all,0.5876948533566952,0.026166331610078586,0.5151928405491708,0.022354142811869464,0.5878212596623389,0.023711510573705335
anchors_all__logistic_regression__C0.25__k64,anchors_all,zero_shot__macro__sentence;zero_shot__individual__sentence;meta_prompting__macro__sentence;meta_prompting__individual__sentence,logistic_regression,0.25,64,0.5821339169139217,0.040340941446722324,0.49836967566343343,0.04189394668209971,0.5689405273315645,0.04435041406668756
anchors_all__linear_svm__C0.25__k64,anchors_all,zero_shot__macro__sentence;zero_shot__individual__sentence;meta_prompting__macro__sentence;meta_prompting__individual__sentence,linear_svm,0.25,64,0.5797480114500858,0.03775927440006216,0.4935166390964189,0.04105354231125353,0.5770471865601877,0.038040417788244206
anchors_all__logistic_regression__C1__kall,anchors_all,zero_shot__macro__sentence;zero_shot__individual__sentence;meta_prompting__macro__sentence;meta_prompting__individual__sentence,logistic_regression,1.0,all,0.5782795159116688,0.03615386249855761,0.49281294780675444,0.03768950029427698,0.5672468400346607,0.03721619533416837
anchors_complementary__logistic_regression__C0.25__kall,anchors_complementary,zero_shot__individual__sentence;meta_prompting__macro__sentence,logistic_regression,0.25,all,0.5761708184106651,0.042748946500921044,0.47933821717597985,0.03767822876425511,0.555819550016081,0.045993319367824206
anchors_all__logistic_regression__C1__k64,anchors_all,zero_shot__macro__sentence;zero_shot__individual__sentence;meta_prompting__macro__sentence;meta_prompting__individual__sentence,logistic_regression,1.0,64,0.575954806055096,0.03960988950554654,0.4944029944974339,0.03775051475759086,0.5626937111268127,0.04161492173682317
post_mpnet__logistic_regression__C1__kall,post_mpnet,post_embedding,logistic_regression,1.0,all,0.5755258733516937,0.02703503884516577,0.5043335540977847,0.022169054828481496,0.5754534627382121,0.02513332754193465
anchors_meta_prompting__linear_svm__C0.25__kall,anchors_meta_prompting,meta_prompting__macro__sentence;meta_prompting__individual__sentence,linear_svm,0.25,all,0.5752130136770063,0.03981860055506903,0.47244815031721366,0.03165020951027574,0.5762155921108637,0.03788074889326632
anchors_all__linear_svm__C1__k64,anchors_all,zero_shot__macro__sentence;zero_shot__individual__sentence;meta_prompting__macro__sentence;meta_prompting__individual__sentence,linear_svm,1.0,64,0.5749584799861069,0.044285299530232275,0.4894079903314251,0.04608416948854923,0.5723129533169792,0.04437346014599852
anchors_all__linear_svm__C0.25__kall,anchors_all,zero_shot__macro__sentence;zero_shot__individual__sentence;meta_prompting__macro__sentence;meta_prompting__individual__sentence,linear_svm,0.25,all,0.5736531618414602,0.03341241666188011,0.481114171647105,0.031089163426615295,0.5710584720196477,0.03166519588809921
anchors_complementary__linear_svm__C0.25__kall,anchors_complementary,zero_shot__individual__sentence;meta_prompting__macro__sentence,linear_svm,0.25,all,0.5722464854742438,0.039207756578328784,0.4642575178447848,0.032033851591954626,0.5701369972447019,0.039514635108790025
anchors_meta_prompting__linear_svm__C1__kall,anchors_meta_prompting,meta_prompting__macro__sentence;meta_prompting__individual__sentence,linear_svm,1.0,all,0.5717287144817518,0.04302568826197576,0.4699866198223566,0.03644871678869521,0.5720985749540496,0.04146566911869856
anchors_meta_prompting__logistic_regression__C0.25__kall,anchors_meta_prompting,meta_prompting__macro__sentence;meta_prompting__individual__sentence,logistic_regression,0.25,all,0.5706013061262396,0.0469695688382132,0.4734798415653824,0.03746751060357739,0.5540595652025401,0.047839144075321784
anchors_complementary__logistic_regression__C1__kall,anchors_complementary,zero_shot__individual__sentence;meta_prompting__macro__sentence,logistic_regression,1.0,all,0.569436522662181,0.04414592524880411,0.47222077182190014,0.03567252657037712,0.550185726247,0.045707021373745466
anchors_all__linear_svm__C1__kall,anchors_all,zero_shot__macro__sentence;zero_shot__individual__sentence;meta_prompting__macro__sentence;meta_prompting__individual__sentence,linear_svm,1.0,all,0.5692726938048416,0.035109911366280167,0.4773595404771719,0.033353509625032,0.5659271641110202,0.03380433250197274
anchors_complementary__linear_svm__C1__kall,anchors_complementary,zero_shot__individual__sentence;meta_prompting__macro__sentence,linear_svm,1.0,all,0.5669675552385313,0.041124592827555206,0.4612752020490433,0.030198544490936202,0.5649727827102825,0.04049270840080116
anchors_meta_prompting__logistic_regression__C1__kall,anchors_meta_prompting,meta_prompting__macro__sentence;meta_prompting__individual__sentence,logistic_regression,1.0,all,0.5663287173877413,0.04555505678090368,0.47194724977317526,0.03459377340447973,0.550671734444798,0.04497118584900851
single__meta_prompting__macro__sentence__logistic_regression__C0.25__kall,single__meta_prompting__macro__sentence,meta_prompting__macro__sentence,logistic_regression,0.25,all,0.5645639062000032,0.04159477566446292,0.4696276492902735,0.030583575995039067,0.5482395241992621,0.04258962483899435
anchors_zero_shot__logistic_regression__C0.25__kall,anchors_zero_shot,zero_shot__macro__sentence;zero_shot__individual__sentence,logistic_regression,0.25,all,0.5626027190739519,0.03481560509885409,0.48166205009926166,0.029317873572936456,0.5508969451976053,0.03781412760910911
single__meta_prompting__macro__sentence__linear_svm__C0.25__kall,single__meta_prompting__macro__sentence,meta_prompting__macro__sentence,linear_svm,0.25,all,0.5618444050459307,0.04157707330004254,0.4496440714950068,0.027587737802970462,0.5665462727434227,0.04042133943922165
single__meta_prompting__macro__sentence__logistic_regression__C1__kall,single__meta_prompting__macro__sentence,meta_prompting__macro__sentence,logistic_regression,1.0,all,0.5613549093154302,0.0439684255083887,0.4673972407471877,0.03694462920312929,0.5456900808958792,0.04538346934724064
single__meta_prompting__macro__sentence__linear_svm__C1__kall,single__meta_prompting__macro__sentence,meta_prompting__macro__sentence,linear_svm,1.0,all,0.5611615723707509,0.042576207332267295,0.4505609696938112,0.029844059538629085,0.5658130766213453,0.0412334529616423
anchors_zero_shot__linear_svm__C1__kall,anchors_zero_shot,zero_shot__macro__sentence;zero_shot__individual__sentence,linear_svm,1.0,all,0.5605626386425315,0.03363534527938787,0.4746013437067918,0.029949866320853127,0.5619714395356975,0.03724044413084694
anchors_zero_shot__logistic_regression__C1__kall,anchors_zero_shot,zero_shot__macro__sentence;zero_shot__individual__sentence,logistic_regression,1.0,all,0.5597223006030326,0.031581416534503935,0.4790856011759685,0.026561296570963497,0.5486547854495236,0.03484943994185827
anchors_zero_shot__linear_svm__C0.25__kall,anchors_zero_shot,zero_shot__macro__sentence;zero_shot__individual__sentence,linear_svm,0.25,all,0.5590831125434853,0.03384507474188562,0.47063261421928465,0.03047850416716852,0.5610408593037259,0.03654586830541844
post_mpnet__linear_svm__C0.25__kall,post_mpnet,post_embedding,linear_svm,0.25,all,0.5508397523785978,0.029000377408786488,0.47475699649588665,0.03163854151853431,0.5510663128603269,0.028296770511159922
single__meta_prompting__individual__sentence__linear_svm__C0.25__kall,single__meta_prompting__individual__sentence,meta_prompting__individual__sentence,linear_svm,0.25,all,0.550113857956504,0.04407658942250653,0.439705530288066,0.023031322350067135,0.5531039705955146,0.04301944967349444
single__meta_prompting__individual__sentence__linear_svm__C1__kall,single__meta_prompting__individual__sentence,meta_prompting__individual__sentence,linear_svm,1.0,all,0.5479624683923249,0.04421388791764814,0.4370272878555557,0.026577300630347238,0.5507571603478609,0.04364807797301842
single__zero_shot__macro__sentence__logistic_regression__C0.25__kall,single__zero_shot__macro__sentence,zero_shot__macro__sentence,logistic_regression,0.25,all,0.5473459646210477,0.0483843746993674,0.47338803567320914,0.03051820299261632,0.5373027027411047,0.049764907265767114
single__zero_shot__macro__sentence__logistic_regression__C1__kall,single__zero_shot__macro__sentence,zero_shot__macro__sentence,logistic_regression,1.0,all,0.5447889020932926,0.05351505495899851,0.47081469543713694,0.03664789752580273,0.5348433288587086,0.055407225484102963
post_mpnet__linear_svm__C1__kall,post_mpnet,post_embedding,linear_svm,1.0,all,0.5436131036596588,0.03159305217164067,0.46670688828474705,0.034781422987367305,0.5430171155146153,0.030899505093231406
single__zero_shot__individual__sentence__logistic_regression__C0.25__kall,single__zero_shot__individual__sentence,zero_shot__individual__sentence,logistic_regression,0.25,all,0.5425051230737157,0.040754430100865775,0.45541724076744833,0.03212225873783566,0.5260620223479974,0.04167291386399823
single__meta_prompting__individual__sentence__logistic_regression__C1__kall,single__meta_prompting__individual__sentence,meta_prompting__individual__sentence,logistic_regression,1.0,all,0.5419751072677105,0.045977620163065315,0.44660270651651035,0.031381282542679856,0.5245612146993707,0.04788534384465414
single__meta_prompting__individual__sentence__logistic_regression__C0.25__kall,single__meta_prompting__individual__sentence,meta_prompting__individual__sentence,logistic_regression,0.25,all,0.5414037613043953,0.04854775209269613,0.445014426370685,0.03487082658474752,0.5245933560650455,0.05037428336983857
single__zero_shot__macro__sentence__linear_svm__C1__kall,single__zero_shot__macro__sentence,zero_shot__macro__sentence,linear_svm,1.0,all,0.5363011286630005,0.0453094346169986,0.4539302075922235,0.0316095443645686,0.5447268933492178,0.04790358017048508
single__zero_shot__individual__sentence__logistic_regression__C1__kall,single__zero_shot__individual__sentence,zero_shot__individual__sentence,logistic_regression,1.0,all,0.5360615357710696,0.037397674105410283,0.4497812068035031,0.02917269947917382,0.5194256295422559,0.038025422661462624
single__zero_shot__macro__sentence__linear_svm__C0.25__kall,single__zero_shot__macro__sentence,zero_shot__macro__sentence,linear_svm,0.25,all,0.534096773010107,0.043521823513782566,0.45188034743284067,0.027481505434369773,0.5436642233517102,0.04541318611081495
single__zero_shot__individual__sentence__linear_svm__C1__kall,single__zero_shot__individual__sentence,zero_shot__individual__sentence,linear_svm,1.0,all,0.5299117813908057,0.04627738805637669,0.4312180026070476,0.026467857414086825,0.5305818081682255,0.044561747558392616
single__zero_shot__individual__sentence__linear_svm__C0.25__kall,single__zero_shot__individual__sentence,zero_shot__individual__sentence,linear_svm,0.25,all,0.52954895097423,0.046146012106342886,0.4326692886446652,0.030204503164918267,0.531379392527326,0.04434681048318692
